<?xml version="1.0" encoding="UTF-8"?>
<project-private xmlns="http://www.netbeans.org/ns/project-private/1">
    <editor-bookmarks xmlns="http://www.netbeans.org/ns/editor-bookmarks/2" lastBookmarkId="0"/>
    <open-files xmlns="http://www.netbeans.org/ns/projectui-open-files/2">
        <group>
            <file>file:/C:/Users/Veviet/Documents/NetBeansProjects/ClusterDoc/src/model/Document.java</file>
            <file>file:/C:/Users/Veviet/Documents/NetBeansProjects/ClusterDoc/src/model/Term.java</file>
            <file>file:/C:/Users/Veviet/Documents/NetBeansProjects/ClusterDoc/src/model/DocumentToClusterSimilarity.java</file>
            <file>file:/C:/Users/Veviet/Documents/NetBeansProjects/ClusterDoc/src/model/SearchingResult.java</file>
            <file>file:/C:/Users/Veviet/Documents/NetBeansProjects/ClusterDoc/src/model/Cluster.java</file>
            <file>file:/C:/Users/Veviet/Documents/NetBeansProjects/ClusterDoc/src/model/InvertedIndex.java</file>
            <file>file:/C:/Users/Veviet/Documents/NetBeansProjects/ClusterDoc/src/model/Posting.java</file>
            <file>file:/C:/Users/Veviet/Documents/NetBeansProjects/ClusterDoc/src/testCluster/TestCluster1.java</file>
        </group>
    </open-files>
</project-private>
